Referenz-BLEU;Phenom-BLEU;Delta;English Original;Input Phonemic Variant;Validation Reference;Reference Model Output;Phoneme Model Output;Phenom Manualy Translated into Standard German
0,0724975;0,0724975;0,000000;Obama receives Netanyahu;əʊbˈɑːmə ɹɪsˈiːvz nˌɛtɐnɪˈɑːhuː;Obama empfängt Netanyahu;Obama erhält Netanjahu;ˈoːbamˌɑː ɛɾhˈɛlt nˈeːtanjˌɑːuː;Obama erhält Netanjahu
0,216399672;0,216399672;0,000000;the relationship between Obama and Netanyahu is not exactly friendly .;ðə ɹɪlˈeɪʃənʃˌɪp bɪtwˌiːn əʊbˈɑːmə and nˌɛtɐnɪˈɑːhuː ɪz nˌɒt ɛɡzˈaktli fɹˈɛndli;das Verhältnis zwischen Obama und Netanyahu ist nicht gerade freundschaftlich;die Beziehung zwischen Obama und Netanjahu ist nicht gerade freundlich;diː bətsˈiːʊŋ tsvˈɪʃən ˈoːbamˌɑː ʊnt nˈeːtanjˌɑːuː ɪst nˈɪçt ɡərˈɑːdə frˈɔøntlɪç;die Beziehung zwischen Obama und Netanjahu ist nicht gerade freundlich 
0,339487685;0,303607839;0,035880;"the two wanted to talk about the implementation of the international agreement and about Teheran &apos;s destabilising activities in the Middle East .";ðə tˈuː wˈɒntɪd tə tˈɔːk ɐbˌaʊt ðɪ ˌɪmplɪməntˈeɪʃən ɒvðɪ ˌɪntənˈaʃənəl ɐɡɹˈiːmənt and ɐbˌaʊt tˈɛhəɹən and ɐpˈəʊz ˈɛs diːstˈeɪbəlˌaɪzɪŋ aktˈɪvɪtiz ɪnðə mˈɪdəl ˈiːst;die beiden wollten über die Umsetzung der internationalen Vereinbarung sowie über Teherans destabilisierende Maßnahmen im Nahen Osten sprechen;beide wollten über die Umsetzung des internationalen Abkommens und über Teherans destabilisierende Aktivitäten im Nahen Osten sprechen;bˈaɪdə vɔltən ˌyːbɜ diː ˈʊmzˌɛtsʊŋ dɛs ˌɪntɜnatsjˌoːnˈɑːlən ˈapkˌɔməns ʊnt ˌyːbɜ diː dˌɛstabˌiːliːzˈiːrəndən ˌaktiːviːtˈɛːtən tˌeːeːrˈɑːns ɪm nˈɑːən ˈɔstən ʃpɾˈɛçən;beide wollten über die Umsetzung des internationalen Abkommens und über die destabilisierende Aktivitäten Teherans im Nahen Osten sprechen 
0,339480564;0,329374164;0,010106;the meeting was also planned to cover the conflict with the Palestinians and the disputed two state solution .;ðə mˈiːtɪŋ wɒz ˈɔːlsəʊ plˈand tə kˈʌvə ðə kˈɒnflɪkt wɪððə pˌaləstˈɪniːənz and ðə dɪspjˈuːtɪd tˈuː stˈeɪt səlˈuːʃən;bei der Begegnung soll es aber auch um den Konflikt mit den Palästinensern und die diskutierte Zwei @-@ Staaten @-@ Lösung gehen;das Treffen sollte sich auch mit dem Konflikt mit den Palästinensern und der umstrittenen Zwei @-@ Staaten @-@ Lösung befassen;ɡəplˈant vɑːɾ ˌaʊx dɛɾ kɔnflˈɪkt mɪt deːn pˈɑlɛstˌiːnɛnzɜn ʊnt diː ˈʊmʃtɾˌɪtənə tsvˈaɪ ˈɛtˈɛt ʃtˈɑːtən ˈɛtˈɛt lˈøːzʊŋ;geplant war auch der Konflikt mit den Palästinensern und die umstrittene zwei @-@ Staaten @-@ Lösung
0,161796493;0,161796493;0,000000;relations between Obama and Netanyahu have been strained for years .;ɹɪlˈeɪʃənz bɪtwˌiːn əʊbˈɑːmə and nˌɛtɐnɪˈɑːhuː hɐvbɪn stɹˈeɪnd fɔː jˈiəz;das Verhältnis zwischen Obama und Netanyahu ist seit Jahren gespannt;die Beziehungen zwischen Obama und Netanjahu sind seit Jahren angespannt;diː bətsˈiːʊŋən tsvˈɪʃən ˈoːbamˌɑː ʊnt nˈeːtanjˌɑːuː zɪnt zaɪt jˈɑːrən ˈanɡəʃpˌant;die Beziehungen zwischen Obama und Netanjahu sind seit Jahren angespannt 
0,108558111;0,108558111;0,000000;Washington criticises the continuous building of settlements in Israel and accuses Netanyahu of a lack of initiative in the peace process .;wˈɒʃɪŋtən kɹˈɪtɪsˌaɪzɪz ðə kəntˈɪnjuːəs bˈɪldɪŋ ɒv sˈɛtəlmənts ɪn ˈɪsɹeɪl and ɐkjˈuːzɪz nˌɛtɐnɪˈɑːhuː əvə lˈak ɒv ɪnˈɪʃiətˌɪv ɪnðə pˈiːs pɹˈəʊsɛs;Washington kritisiert den andauernden Siedlungsbau Israels und wirft Netanyahu mangelnden Willen beim Friedensprozess vor;Washington kritisiert den kontinuierlichen Bau von Siedlungen in Israel und wirft Netanjahu mangelnde Initiative im Friedensprozess vor;vˈashɪŋtˌoːn kɾˌiːtiːzˈiːɾt deːn kɔntˌiːnuːˈiːɾlɪçən bˈaʊ fɔn zˈiːdlʊŋən ɪn ˈɪsrɑːˌɛl ʊnt vˈɪɾft nˈeːtanjˌɑːuː mˈaŋəlndə ˌiːniːtˌiːatˈiːvə ɪm frˈiːdənʃpɾˌoːtsɛs fˈɔɾ;Washington kritisiert den kontinuierlichen Bau von Siedlungen in Israel und wirft Netanjahu mangelnde Initiative im Friedensprozess vor 
0,114866281;0,114866281;0,000000;"the relationship between the two has further deteriorated because of the deal that Obama negotiated on Iran &apos;s atomic programme , .";ðə ɹɪlˈeɪʃənʃˌɪp bɪtwˌiːn ðə tˈuː hɐz fˈɜːðə dɪtˈiəɹiəɹˌeɪtɪd bɪkˈɒz ɒvðə dˈiːl ðat əʊbˈɑːmə nɪɡˈəʊʃɪˌeɪtɪd ˌɒn ɪɹˈan and ɐpˈəʊz ˈɛs ɐtˈɒmɪk pɹˈəʊɡɹam;durch den von Obama beworbenen Deal um das iranische Atomprogramm hat sich die Beziehung der beiden weiter verschlechtert;die Beziehung zwischen beiden hat sich aufgrund des Abkommens das Obama über das iranische Atomprogramm ausgehandelt hat weiter verschlechtert;diː bətsˈiːʊŋ tsvˈɪʃən bˈaɪdən hat zɪç ˈaʊfɡɾˌʊnt dɛs ˈapkˌɔməns das ˈoːbamˌɑː ˌyːbɜ das iːrˈɑnɪʃə atˌoːmpɾɔɡɾˈam ˈaʊsɡəhˌandəlt hat vˈaɪtɜ fɛɾʃlˈɛçtɜt;die Beziehung zwischen beiden hat sich aufgrund des Abkommens das Obama über das iranische Atomprogramm ausgehandelt hat weiter verschlechtert
0,3733234;0,241675289;0,131648;in March , at the invitation of the Republicans , Netanyahu made a controversial speech to the US Congress , which was partly seen as an affront to Obama .;ɪn mˈɑːtʃ at ðɪ ɪnvɪtˈeɪʃən ɒvðə ɹɪpˈʌblɪkənz nˌɛtɐnɪˈɑːhuː mˌeɪd ɐ kˌɒntɹəvˈɜːʃəl spˈiːtʃ tə ðə jˌuːˈɛs kˈɒŋɡɹɛs wˌɪtʃ wɒz pˈɑːtli sˈiːn az ɐn ɐfɹˈʌnt tʊ əʊbˈɑːmə;im März hatte Netanyahu auf Einladung der Republikaner vor dem US @-@ Kongress eine umstrittene Rede gehalten die teils als Affront gegen Obama gewertet wurde;im März hielt Netanjahu auf Einladung der Republikaner eine kontroverse Rede vor dem US @-@ Kongress die teilweise als Affront gegen Obama angesehen wurde;ɪm mˈɛɾts hˈiːlt nˈeːtanjˌɑːuː aʊf ˈaɪnlˌɑdʊŋ dɛɾ rˌeːpuːbliːkˈɑːnɜ ˌaɪnə kɔntɾˈoːvɜzə rˈeːdə fˌɔɾ deːm ˌuːˈɛs ˈɛtˈɛt kɔŋɡɾˈɛs diː tˈaɪlvaɪzə als ˈafrɔnt ɡˌeːɡən ˈoːbamˌɑː ˈanɡəzˌeːən vˌ??də;im März hielt Netanjahu auf Einladung der Republikaner eine kontroverse Rede vor dem U @-@ S @-@ Kongress die teilweise als Affront gegen Obama angesehen w??de
0,10044271;0,102909549;-0,002467;the speech had not been agreed with Obama , who had rejected a meeting with reference to the election that was at that time impending in Israel .;ðə spˈiːtʃ had nˌɒt bˌiːn ɐɡɹˈiːd wɪð əʊbˈɑːmə hˌuː had ɹɪdʒˈɛktɪd ɐ mˈiːtɪŋ wɪð ɹˈɛfɹəns tə ðɪ ɪlˈɛkʃən ðat wɒz at ðat tˈaɪm ɪmpˈɛndɪŋ ɪn ˈɪsɹeɪl;die Rede war mit Obama nicht abgesprochen ein Treffen hatte dieser mit Hinweis auf die seinerzeit bevorstehende Wahl in Israel abgelehnt;die Rede war nicht mit Obama abgestimmt worden der ein Treffen mit Bezug auf die Wahl die zu jener Zeit in Israel bevorstand abgelehnt hatte;diː rˈeːdə vɑːɾ nˈɪçt mɪt ˈoːbamˌɑː fɛɾˈaɪnbˌaɾt dɛɾ aɪn tɾˈɛfən mɪt bətsˈuːk aʊf diː vˈɑːlən diː tsuː jˈeːnɜ tsˈaɪt ɪn ˈɪsrɑːˌɛl vɑːɾ ˈapɡəlˌeːnt hˌatə;die Rede war nicht mit Obama vereinbart der ein Treffen mit Bezug auf die Wahlen die zu jener Zeit in Israel war abgelehnt hatte
0,028424915;0,032564765;-0,004140;in 911 Call , Professor Admits to Shooting Girlfriend;ɪn nˈaɪnhˈʌndɹɪdən ɪlˈɛvən kˈɔːl pɹəfˈɛsəɹ ɐdmˈɪts tə ʃˈuːtɪŋ ɡˈɜːlfɹɛnd;in einem Notruf gesteht Professor seine Freundin erschossen zu haben;im Aufruf von 911 : Professor gibt zu Girlfriend zu erschossen;ɪn nˈɔønhˈʊndɜt ˈɛlf kˈal pɾoːfˈɛsoːɾ ɡˈiːpt tsˈuː tsuː ʃˈiːsən frˈɔøndɪn;in 911 call Professor gibt zu zu schießen Freundin
0,080199229;0,098223595;-0,018024;in a 911 call , his voice only slightly shaky , college professor Shannon Lamb told police he had shot his girlfriend and officers needed to get over to their house .;ɪn ɐ nˈaɪnhˈʌndɹɪdən ɪlˈɛvən kˈɔːl hɪz vˈɔɪs ˈəʊnli slˈaɪtli ʃˈeɪki kˈɒlɪdʒ pɹəfˈɛsə ʃˈanən lˈam tˈəʊld pəlˈiːs hiː had ʃˈɒt hɪz ɡˈɜːlfɹɛnd and ˈɒfɪsəz nˈiːdɪd tə ɡɛt ˌəʊvə tə ðeə hˈaʊs;in einem Notruf erzählte Professor Shannon Lamb mit einer etwas zittrigen Stimme der Polizei dass er seine Freundin erschossen habe und dass die Beamten zu seinem Haus kommen müssten;in einem 911 Anruf seine Stimme nur leicht wackelig College @-@ Professor Shannon Lamb erzählte der Polizei er habe seine Freundin und Offiziere benötigt um in ihr Haus zu bekommen;ɪn ˌaɪnəm nˈɔønhˈʊndɜt ˈɛlf rˈuːfən zˌaɪnə ʃtˈɪmə nˈuːɾ ˈɛtvɑːs vˈakəlˌɪç kɔlˈeːɡə pɾoːfˈɛsoːɾ ʃˈanoːn lˈamp zˈɑːɡtə dɛɾ pˌoːliːtsˈaɪ ɛɾ hˌatə zˌaɪnə frˈɔøndɪn ɛɾʃˈɔsən ʊnt bəˈamtə bənˈøːtɪçt ʊm tsuː ˌiːrəm hˈaʊs tsuː ɡəlˈaŋən;in einem 911 rufen seine Stimme nur etwas wackelig College Professor Shannon Lamb sagte der Polizei er hate seine Freundin erschossen und Beamte benötigt um zu ihrem haus zu gelangen
0,190819392;0,080141043;0,110678;"lamb made a point to say his &quot; sweet dog &quot; was there alive and probably upset , and said the dead woman &apos;s family contacts could be found on her phone .";lˈam mˌeɪd ɐ pˈɔɪnt tə sˈeɪ hɪz and kwˈɒt swˈiːt dˈɒɡ and kwˈɒt wɒz ðeəɹ ɐlˈaɪv and pɹˈɒbəbli ʌpsˈɛt and sˈɛd ðə dˈɛd wˈʊmən and ɐpˈəʊz ˈɛs fˈamɪli kˈɒntakts kʊd biː fˈaʊnd ˌɒn hɜː fˈəʊn;"Lamb war es wichtig zu betonen dass sein &quot; süßer Hund &quot; aber noch lebe und wahrscheinlich aufgeregt sei und er sagte die Familienkontakte der toten Frau könnten auf dem Handy gefunden werden";"Lamm machte einen Punkt zu sagen sein &quot; süßer Hund &quot; war dort lebendig und wahrscheinlich verärgert und sagte die Familie der toten Frau Kontakte konnten auf ihrem Telefon gefunden werden";lˈamp mˈaxtə ˌaɪnən pˈʊŋkt tsuː zˈɑːɡən zaɪn ˈʊnt kvˈoːt zˈyːsən hˈʊnt ˈʊnt kvˈoːt vɑːɾ dˈɔɾt leːbˈɛndɪç ʊnt vɑːɾʃˈaɪnlɪç fɛɾˈɛɾɡɜt ʊnt zˈɑːɡtə diː famˈiːlɪə dɛɾ tˈoːtən frˈaʊ kɔntˈaktə ɡəfˈʊndən vˌɛɾdən aʊf ˌiːrəm tˌeːleːfˈoːn;"Lamb machte einen Punkt zu sagen sein &quot; süßen Hund &quot; war dort lebendig und wahrscheinlich verärgert und sagte die Familie der toten Frau Kontakte gefunden werden auf ihrem Telefon "
0,377615215;0,262173591;0,115442;"inside the home , officers found Amy Prentiss &apos; body and a hand @-@ written note scribbled on a white legal pad : &quot; I am so very sorry I wish I could take it back I loved Amy and she is the only woman who ever loved me , &quot; read the letter authorities say was signed by Lamb .";ɪnsˈaɪd ðə hˈəʊm ˈɒfɪsəz fˈaʊnd ˈeɪmi pɹˈɛntɪs and ɐpˈəʊz bˈɒdi and ɐ hˈand ˈatat ɹˈɪtən nˈəʊt skɹˈɪbəld ˌɒn ɐ wˈaɪt lˈiːɡəl pˈad and kwˈɒt aɪɐm sˌəʊ vˈɛɹi sˈɒɹi aɪ wˈɪʃ aɪ kʊd tˈeɪk ɪt bˈak aɪ lˈʌvd ˈeɪmi and ʃiː ɪz ðɪ ˈəʊnli wˈʊmən hˌuː ˈɛvə lˈʌvd mˌiː and kwˈɒt ɹˈiːd ðə lˈɛtəɹ ɐθˈɒɹɪtiz sˈeɪ wɒz sˈaɪnd baɪ lˈam;"innerhalb des Hauses fanden die Beamten die Leiche von Amy Prentiss und eine handgeschriebene Notiz die auf einen weißen Block gekritzelt war : &quot; mir tut es so leid ich wollte ich könnte es rückgängig machen ich liebte Amy und sie ist die einzige Frau die mich jemals liebte &quot; dies stand nach Angaben der Behörden in dem Brief und er war von Lamb unterzeichnet";"im Inneren des Hauses fanden Offiziere den Körper von Amy Prentiss und eine handgeschriebene Notiz die auf einem weißen Blatt geschrieben wurde : &quot; es tut mir sehr leid ich wünschte ich könnte es zurücknehmen ich liebte Amy und sie ist die einzige Frau die mich je geliebt hat &quot; lesen Sie den Brief Behörden sagen war von Lamb unterzeichnet";ɪm ˈɪnərən fˈandən diː ˌɔfiːtsˈiːrə ˈɑmiː pɾˈɛntiːkə ˈʊnt ˈɑpoːs kˈœɾpɜ ʊnt ˌaɪnə hˈantɡəʃrˌiːbənə nˈoːtiːts aʊf ˌaɪnəm vˈaɪsən rˈɛçtstɛkst ˈʊnt kvˈoːt ɛs tˈuːt miːɾ zˈeːɾ lˈaɪt ɪç vˈynʃtə ɪç kˈœntə ɛs tsuːrˈyknˌeːmən ɪç lˈiːptə ˈɑmiː ʊnt ziː ɪst diː ˈaɪntsɪɡə frˈaʊ diː mɪç jeː ɡəlˈiːpt ˈʊnt kvˈoːt lˈeːzən ziː deːn bɾˈiːf bəhˈœɾdən zˈɑːɡən vˌ??də fɔn lˈam ˌʊntɜtsˈaɪçnət;"im Inneren fanden die Offiziere Amy Prentike und Anys Körper und eine handgeschriebene Notiz auf einem weißen Rechtsteckst &quot; es tut mir sehr leid ich wünschte ich könnte es zurücknehmen ich liebte Amy und sie ist die einzige Frau die mich je geliebt &quot; lesen Sie den Brief Behörden sagen , w??de von Lamb unterzeichnet"
0,517748468;0,468312702;0,049436;"there was no indication that Lamb , who was teaching two online classes for Delta State University in Cleveland , Mississippi , had already traveled 300 miles to the school &apos;s campus , where police believe he shot and killed a well @-@ liked history professor , Ethan Schmidt , in the doorway to his office .";ðeəwˌɒz nˈəʊ ˌɪndɪkˈeɪʃən ðat lˈam hˌuː wɒz tˈiːtʃɪŋ tˈuː ˈɒnlaɪn klˈasɪz fɔː dˈɛltə stˈeɪt jˌuːnɪvˈɜːsɪti ɪn klˈiːvlənd mˌɪsɪsˈɪpi had ɔːlɹˌɛdi tɹˈavəld θɹˈiːhˈʌndɹɪd mˈaɪlz tə ðə skˈuːl and ɐpˈəʊz ˈɛs kˈampəs wˌeə pəlˈiːs bɪlˈiːv hiː ʃˈɒt and kˈɪld ɐ wˈɛl ˈatat lˈaɪkt hˈɪstəɹi pɹəfˈɛsə ˈiːθən ʃmˈɪt ɪnðə dˈɔːweɪ tə hɪz ˈɒfɪs;es gab keinen Hinweis darauf dass Lamb der in zwei Online @-@ Kursen für die Delta State University in Cleveland Mississippi unterrichtete bereits 300 Meilen zu dem Schulgelände gereist war wo er nach Angaben der Polizei einen beliebten Geschichtsprofessor Ethan Schmidt an der Tür zu seinem Büro erschossen und getötet hat;es gab keinen Hinweis darauf dass Lamb der zwei Online @-@ Kurse für die Delta State University in Cleveland Mississippi unterrichtete bereits 300 Meilen zum Campus der Schule gereist war wo die Polizei glaubt dass er einen beliebten Geschichtsprofessor Ethan Schmidt vor seiner Haustür erschossen und getötet hat;ɛs ɡˈɑːp kˈaɪnən hˈɪnvaɪs dɑːrˈaʊf das lˈamp dɛɾ tsvˈaɪ ˈɒnlaɪn ˈɛtˈɛt klˈasən fyːɾ diː dˈɛltɑː stˈeɪt jˌuːnɪvˈɜːsɪti ɪn klˈeːvəlˌant mˌɪsɪsˈɪpiː ˌʊntɜrˈɪçtətə bərˈaɪts dɾˈaɪhˈʊndɜt mˈaɪlən tsʊm kˈampʊs dɛɾ ʃˈuːlə rˈaɪstə vˌoː diː pˌoːliːtsˈaɪ ɡlˈaʊpt ɛɾ ɛɾʃˈɔs ʊnt tˈøːtətə ˌaɪnə zˈeːɾ bəlˈiːptə ɡəʃˈɪçtə pɾoːfˈɛsoːɾ eːtˈɑːn ʃmˈɪt ɪn dɛɾ tˈyːɾ tsuː zˌaɪnəm bˈyːroː;es gab keinen Hinweis darauf dass Lamb der zwei Online @-@ Klassen für die Delta State University in Cleveland Mississippi unterrichtete bereits 300 Meilen zum Campus der Schule reiste wo die Polizei glaubt er erschoss und tötete Any sehr beliebte Geschichte Professor Ethan Schmidt in der Tür zu seinem Büro
0,190232496;0,11656748;0,073665;Delta State University police chief Lynn Buford said university officials heard about the shooting at 10 : 18 a.m.;dˈɛltə stˈeɪt jˌuːnɪvˈɜːsɪti pəlˈiːs tʃˈiːf lˈɪn bjˈuːfəd sˈɛd jˌuːnɪvˈɜːsɪti əfˈɪʃəlz hˈɜːd ɐbˌaʊt ðə ʃˈuːtɪŋ at tˈɛn ˈeɪtiːn ˌeɪˈɛm;Delta State University Polizeichef Lynn Buford sagte dass Universitäts @-@ Mitarbeiter das Schießen um 10 : 18 Uhr gehört haben;der Polizeichef der Delta State University Lynn Buford sagte dass Universitätsbeamte von den Dreharbeiten um 10.18 Uhr hörten;dɛɾ pˈoːliːtsˌaɪʃɛf dɛɾ dˈɛltɑː stˈeɪt jˌuːnɪvˈɜːsɪti lˈyn bˈuːfɔɾt zˈɑːɡtə ʊm tsˈeːn pʊŋkt ˈaxtseːn ˈuːɾ diː fɛɾtɾˈeːtɜ dɛɾ ˌuːniːvˌɛɾziːtˈɛːt hˈœɾtən diː ʃˈysə;der Polizeichef der Delta State University Lynn Buford sagte um 10.18 Uhr die Vertreter der Universität hörten die Schüsse
0,087668287;0,077057207;0,010611;he said Lamb made the fateful 911 call sometime after that .;hiː sˈɛd lˈam mˌeɪd ðə fˈeɪtfəl nˈaɪnhˈʌndɹɪdən ɪlˈɛvən kˈɔːl sˈʌmtaɪm ˈaftə ðˈat;er sagte dass Lamb den verhängnisvollen Notruf irgendwann danach gemacht hat;er sagte Lamb den schicksalhaften 911 Call irgendwann danach;ɛɾ zˈɑːɡtə lˈam mˈaxtə diː ʃˈɪkzalhˌaftən nˈɔønhˈʊndɜt ˈɛlf rˈuːfən ˈɪɾɡəndvˌan danˈax;er sagte Lamb machte die schicksalhaften 911 Rufen irgendwann danach
0,318208468;0,448760518;-0,130552;by the end of the day , there would be one more death : lamb took his own life as police closed in on him .;baɪ ðɪ ˈɛnd ɒvðə dˈeɪ ðeə wʊd biː wˈɒn mˈɔː dˈɛθ lˈam tˈʊk hɪz ˈəʊn lˈaɪf az pəlˈiːs klˈəʊzd ɪn ˈɒn hˌɪm;bis zum Ende des Tages gab es einen weiteren Tod : Lamm nahm sich das Leben als die Polizei ihn einkesselte;am Ende des Tages würde es noch einen weiteren Tod geben : Lamm nahm sein eigenes Leben als die Polizei ihn einsperrte;am ˈɛndə dɛs tˈɑːɡəs ɡˈɑːp ɛs ˌaɪnən vˈaɪtərən tˈoːt lˈam nˈɑːm zaɪn ˈaɪɡənəs lˈeːbən als diː pˌoːliːtsˈaɪ aʊf iːm ɡəʃlˈɔsən;am Ende des Tages gab es einen weiteren Tod Lamb nam sein eigenes Leben als die Polizei auf ihm gestoßen
0,233970633;0,190914036;0,043057;a day after the school shooting forced students and faculty to hide behind locked doors , authorities were still trying to piece together what motivated Lamb .;ɐ dˈeɪ ˈaftə ðə skˈuːl ʃˈuːtɪŋ fˈɔːst stjˈuːdənts and fˈakəlti tə hˈaɪd bɪhˌaɪnd lˈɒkt dˈɔːz ɐθˈɒɹɪtiz wɜː stˈɪl tɹˈaɪɪŋ tə pˈiːs təɡˌɛðə wɒt mˈəʊtɪvˌeɪtɪd lˈam;einen Tag nach der Schießerei in der Universität die Studenten und Dozenten dazu zwang sich hinter verschlossenen Türen zu verstecken versuchen die Behörden immer noch sich ein Bild davon zu verschaffen was Lamb motivierte;einen Tag nachdem die Schule Schüler und Dozenten gezwungen hatte sich hinter verschlossenen Türen zu verstecken versuchten die Behörden immer noch das motivierte Lamm zusammenzufügen;aɪn tˈɑːɡ nɑːx deːm ʃˈoːsən dɛɾ ʃˈuːlə tsvˈaŋən ʃtuːdˈɛntən ʊnt fˌɑkʊltˈɛːt zɪç hˈɪntɜ fɛɾʃlˈɔsənən tˈyːrən tsuː fɛɾʃtˈɛkən bəhˈœɾdən fɛɾzˈuːxtən ˈɪmɜ nɔx ɡəmˈaɪnzɑːm tsuː frˈiːdən vˈas mˌoːtiːvˈiːɾtə lˈam;einen Tag nachdem Schossen der Schule zwangen Studenten und Fakultät sich hinter verschlossenen Türen zu verstecken Behörden versuchten immer noch gemeinsam zu frieden was motivierte Lamb
0,318022828;0,415322524;-0,097300;the details released by investigators at both ends of the state as well as students and staff who knew him helped paint a picture of a talented but possibly troubled teacher .;ðə dˈiːteɪlz ɹɪlˈiːst baɪ ɪnvˈɛstɪɡˌeɪtəz at bˈəʊθ ˈɛndz ɒvðə stˈeɪt az wˈɛl az stjˈuːdənts and stˈaf hˌuː njˈuː hˌɪm hˈɛlpt pˈeɪnt ɐ pˈɪktʃəɹ əvə tˈaləntɪd bˌʌt pˈɒsɪbli tɹˈʌbəld tˈiːtʃə;die von den Ermittlern an beiden Enden des Staates veröffentlichten Details wie auch das was Studenten und Mitarbeiter die ihn kannten aussagten half dabei ein Bild von einem talentierten aber möglicherweise schwierigen Lehrer zu zeichnen;die von den Ermittlern an beiden Enden des Staates sowie von Studenten und Mitarbeitern die ihn kannten freigegebenen Details halfen ein Bild eines begabten aber möglicherweise unruhigen Lehrers zu malen;diː deːtˈaɪs fɔn deːn ɛɾmˈɪtlɜn an bˈaɪdən ˈɛndən dɛs ʃtˈɑːtəs zoːvˈiː ʃtuːdˈɛntən ʊnt mˈɪtˌaɾbaɪtɜ diː iːn kˈantən fɛɾˈœfəntlɪçt hˈalf aɪn bˈɪlt fɔn ˌaɪnəm talˈɛntˈiːɾtən ˌɑːbɜ mˈœɡlɪçɜvˌaɪzə ˈʊnrˌuːɪɡən lˈeːrɜ;die Täter von den ermitlern an beiden Enden des Staates sowie Studenten und Mitarbeiter die ihn kannten feröffentlicht half ein Bild von einem talentierten aber möglicherweise unruhigen Lehrer
0,0945223;0,093994346;0,000528;students said they looked forward to his class .;stjˈuːdənts sˈɛd ðeɪ lˈʊkt fˈɔːwəd tə hɪz klˈas;Studenten sagten dass sie sich auf seinen Unterricht freuten;Studenten sagten sie würden sich auf seine Klasse freuen;ʃtuːdˈɛntən zˈɑːɡtən ziː frˈɔøən zɪç aʊf zˌaɪnə klˈasə;Studenten sagten sie freuen sich auf seine Klasse
0,613016641;0,759307249;-0,146291;police in Gautier , where Prentiss died , said he had no history of violence or criminal record .;pəlˈiːs ɪn ɡˈɔːtiə wˌeə pɹˈɛntɪs dˈaɪd sˈɛd hiː had nˈəʊ hˈɪstəɹi ɒv vˈaɪələns ɔː kɹˈɪmɪnəl ɹˈɛkɔːd;die Polizei in Gautier wo Prentiss starb sagte er habe keine Geschichte der Gewalt oder eine kriminelle Vorgeschichte;Polizei in Gautier wo Prentiss starb sagte er habe keine Geschichte von Gewalt oder Strafregister;diː pˌoːliːtsˈaɪ ɪn ɡaʊtˈiːɾ vˌoː pɾˈɛntiːkə ʃtˈaɾp zˈɑːɡtə ɛɾ hɑːbə kˈaɪnə ɡəʃˈɪçtə dɛɾ ɡəvˈalt ˌoːdɜ dɛɾ kɾˌiːmiːnˈɑːliːtˈɛːt;Die Polizei in Gautier wo Prentiss starb sagte er habe keine Geschichte der Gewalt oder der Kriminalität
0,60133317;0,526640388;0,074693;"Schmidt himself had included Lamb in a book he wrote where he acknowledged the &quot; wonderful people &quot; he shared his academic life with .";ʃmˈɪt hɪmsˈɛlf had ɪŋklˈuːdɪd lˈam ɪn ɐ bˈʊk hiː ɹˈəʊt wˌeə hiː ɐknˈɒlɪdʒd ðə and kwˈɒt wˈʌndəfəl pˈiːpəl and kwˈɒt hiː ʃˈeəd hɪz ˌakədˈɛmɪk lˈaɪf wɪð;"Schmidt selbst hatte Lamb in einem von ihm geschriebenen Buch erwähnt in dem er die &quot; wunderbaren Menschen &quot; erwähnte mit denen er sein akademisches Leben teilte";"Schmidt selbst hatte Lamb in ein Buch aufgenommen in dem er die &quot; wunderbaren Menschen &quot; anerkannte mit denen er sein akademisches Leben teilte";ʃmˈɪt zˈɛlpst hˌatə lˈam ɪn aɪn bˈuːx ˈaʊfɡənˌɔmən das ɛɾ ʃrˈiːp ɪn deːm ɛɾ diː ˈʊnt kvˈoːt vˈʊndɜbˌɑːrən mˈɛnʃən ˈʊnt kvˈoːt ˈanɛɾkˌantə mɪt deːnən ɛɾ zaɪn ˌɑkadˈeːmɪʃəs lˈeːbən tˈaɪltə;"Schmidt selbst hatte Lamb in ein Buch aufgenommen das er schrieb in dem er die &quot; wunderbaren Menschen &quot; anerkannte mit denen er sein akademisches Leben teilte"
0,174665118;0,154321821;0,020343;both taught in the Division of Social Sciences and History , which lists 17 faculty members , and many students took courses from both .;bˈəʊθ tˈɔːt ɪnðə dɪvˈɪʒən ɒv sˈəʊʃəl sˈaɪənsɪz and hˈɪstəɹi wˌɪtʃ lˈɪsts sˈɛvəntˌiːn fˈakəlti mˈɛmbəz and mˈɛni stjˈuːdənts tˈʊk kˈɔːsɪz fɹɒm bˈəʊθ;beide unterrichteten in der Abteilung für Sozialwissenschaften und Geschichte deren Lehrkörper 17 Mitglieder umfasst und viele Studenten besuchten Kurse von beiden;beide lehrten in der Abteilung Sozialwissenschaften und Geschichte die 17 Fakultätsmitglieder zählt und viele Studenten nahmen Kurse von beiden;bˈaɪdə lˈeːɾtən ɪn dɛɾ ˈaptˌaɪlʊŋ zˈoːtsiːˌalvɪsˌɛnʃaftən ʊnt ɡəʃˈɪçtə diː lˈɪstən zˈiːptseːn fˈɑkʊltˌɛtsmɪtɡlˌiːdɜ ʊnt fˈiːlə ʃtuːdˈɛntən nˈɑːm kˈ??zə fɔn bˈaɪdən;beide lehrten in der Abteilung Sozialwissenschaften und Geschichte die ersten 17 Fakultätsmitglieder  und viele Studenten nah K??se von beiden
0,400497015;0,075488424;0,325009;at the same time , there were some inclinations of problems .;at ðə sˈeɪm tˈaɪm ðeəwˌɜː sˌʌm ɪŋklɪnˈeɪʃənz ɒv pɹˈɒbləmz;zur gleichen Zeit gab es einige Neigungen zu problematischen Verhaltensweisen;gleichzeitig gab es einige Neigungen zu Problemen;ɡlˈaɪçtsaɪtˌɪç ɡˈɑːp ɛs ɡəvˈɪsə nˈaɪɡʊŋən tsuː pɾoːblˈeːmən;gleichzeitig gab es gewisse Neigungen zu Problemen
0,244809832;0,299276903;-0,054467;"a student who praised Lamb , Brandon beavers , said he also seemed agitated and jittery , &quot; like there was something wrong with him . &quot;";ɐ stjˈuːdənt hˌuː pɹˈeɪzd lˈam bɹˈandən bˈiːvəz sˈɛd hiː ˈɔːlsəʊ sˈiːmd ˈadʒɪtˌeɪtɪd and dʒˈɪtəɹi and kwˈɒt lˈaɪk ðeəwˌɒz sˈʌmθɪŋ ɹˈɒŋ wɪð hˌɪm and kwˈɒt;"ein Student Brandon Beavers der Lamb lobte sagte er schien auch ein wenig aufgeregt und nervös &quot; als ob etwas mit ihm falsch sei &quot;";"ein Student der Lamm lobte Brandon Biber sagte er schien auch aufgeregt und nervös &quot; wie es etwas nicht mit ihm &quot;";aɪn ʃtuːdˈɛnt dɛɾ lˈamp bɾˈandoːn bəˈɑvɜs lˈoːptə zˈɑːɡtə ɛɾ ʃˈiːn ˌaʊx ˈaʊfrˌeːkt ʊnt nˈɛɾvøːs ˈʊnt kvˈoːt viː ɛs ˈɛtvɑːs fˈalʃ mɪt iːm ˈʊnt kvˈoːt;"ein Student der Lamb Brandon Biber lobte sagte er schien auch aufgeregt und nervös &quot; wie es etwas falsch mit ihm &quot;"
0,472903602;0,507017395;-0,034114;another student , Mikel Sykes , said Lamb told him he was dealing with stress at the end of the 2014 @-@ 15 academic year .;ɐnˈʌðə stjˈuːdənt mˈɪkəl sˈaɪks sˈɛd lˈam tˈəʊld hˌɪm hiː wɒz dˈiːlɪŋ wɪð stɹˈɛs at ðɪ ˈɛnd ɒvðə tˈuː θˈaʊzənd ən fˈɔːtiːn ˈatat fˈɪftiːn ˌakədˈɛmɪk jˈiə;ein anderer Student Mikel Sykes sagte dass Lamm ihm erzählt habe dass er am Ende des akademischen Jahres 2014 @-@ 15 mit Stress zu tun hatte;ein anderer Student Mikel Sykes sagte Lamb dass er Ende des akademischen Jahres 2014 / 15 mit Stress zu tun habe;aɪn ˈandərɜ ʃtuːdˈɛnt mˈɪçɑːl zˈyːkəs zˈɑːɡtə lˈam zˈɑːɡtə ˈiːm ɛɾ hɑːbə ɛs mɪt ʃtɾˈɛs am ˈɛndə dɛs ˌɑkadˈeːmɪʃən jˈɑːrəs tsvˈaɪ tˈaʊzənt fˈɪɾtseːn ˈɛtˈɛt fˈynftseːn tsuː tˈuːn;ein anderer Student Mikel Sykes sagte Lamb sagte ihm er habe es mit Stress am Ende des akademischen Jahres 2014 @-@ 15 zu tun
0,281382077;0,079075238;0,202307;lamb had earlier asked Delta State University for a medical leave of absence , saying he had a health issue of some sort .;lˈam had ˈɜːlɪəɹ ˈaskt dˈɛltə stˈeɪt jˌuːnɪvˈɜːsɪti fəɹə mˈɛdɪkəl lˈiːv ɒv ˈabsəns sˈeɪɪŋ hiː had ɐ hˈɛlθ ˈɪʃuː ɒv sˌʌm sˈɔːt;Lamb hatte zuvor die Delta State University um eine Beurlaubung aus gesundheitlichen Gründen gebeten und dabei gesagt dass er irgendein gesundheitliches Problem habe;Lamm hatte zuvor die Delta State University um einen medizinischen Urlaub der Abwesenheit gebeten sagte er habe eine gesundheitliche Frage irgendeiner Art;lˈamp hˌatə tsuːfˌɔɾ an dɛɾ dˈɛltɑː stˈeɪt jˌuːnɪvˈɜːsɪti ˌaɪnə ˈɛɾtstlɪçə ˈapvˌeːzənhˌaɪt bəˈantɾˌɑːkt ʊnt zˈɑːɡtə ɛɾ hɑːbə ˌaɪnə ɡəzˈʊnthaɪtlˌɪçə frˈɑːɡə ˈɪɾɡəndˌaɪnɜ ˈɑːɾt;Lamb hatte zuvor an der Delta State University eine ärztliche Abwesenheit beantragt und sagte er habe eine gesundheitliche Frage irgendeiner Art
0,880111737;0,525381979;0,354730;this year , he was only teaching two online classes .;ðɪs jˈiə hiː wɒz ˈəʊnli tˈiːtʃɪŋ tˈuː ˈɒnlaɪn klˈasɪz;in diesem Jahr unterrichtete er nur zwei Online @-@ Kurse;in diesem Jahr unterrichtete er nur zwei Online @-@ Klassen;ɪn dˌiːzəm jˈɑːɾ ˌʊntɜrˈɪçtət ɛɾ nˈuːɾ tsvˈaɪ ˈɒnlaɪn ˈɛtˈɛt klˈasən;in diesem Jahr unterrichtet er nur zwei Online @-@ Klassen
0,213087795;0,194712081;0,018376;"recent changes in the university &apos;s hiring policies meant that the doctorate Lamb had worked so hard to earn would not guarantee him an automatic tenure track to become an assistant professor .";ɹˈiːsənt tʃˈeɪndʒɪz ɪnðə jˌuːnɪvˈɜːsɪti and ɐpˈəʊz ˈɛs hˈaɪəɹɪŋ pˈɒlɪsiz mˈɛnt ðatðə dˈɒktəɹˌeɪt lˈam had wˈɜːkt sˌəʊ hˈɑːd tʊ ˈɜːn wʊd nˌɒt ɡˌaɹəntˈiː hˌɪm ɐn ˌɔːtəmˈatɪk tˈɛnjə tɹˈak tə bɪkˌʌm ɐn ɐsˈɪstənt pɹəfˈɛsə;neueste Änderungen in der Beschäftigungspolitik der Universität bedeuteten dass die Promotion für die Lamb so hart gearbeitet hatte für ihn keine Garantie für einen automatischen Weg zu einer Anstellung als Assistant @-@ Professor darstellen würde;die jüngsten Änderungen in der Einstellungspolitik der Universität bedeuteten dass das Doktorat Lamb so hart gearbeitet hatte um zu verdienen ihm keine automatische Laufbahn als Assistenzprofessor garantieren würde;diː jˈyŋstən fɛɾˈɛndərˌʊŋən ɪn dɛɾ ˈaɪnʃtˌɛlʊŋspˌoːliːtˌiːk dɛɾ ˌuːniːvˌɛɾziːtˈɛːt bədˈɔøtətən das das dˈɔktɔɾtˌiːtəl lˈamp zoː hˈaɾt ɡəˈaɾbaɪtət hˌatə ʊm ɛs tsuː fɛɾdˈiːnən iːm kˈaɪnə ˌaʊtoːmˈɑːtɪʃə lˈaʊfbɑːn als ˌasɪstˈɛntspɾoːfˌɛsoːɾ ɡˌɑrantˈiːrən vˈyɾdə;die jüngsten Veränderungen in der Einstellungspolitik der Universität bedeuteten dass das Doktortitel Lamb so hart gearbeitet hatte um zu verdienen ihm keine automatische Laufbahn als Assistenzprofessor garantieren würde 
0,465398141;0,19618873;0,269209;"University President William LaForge said he didn &apos;t know of any conflict between Lamb and Schmidt but &quot; obviously there was something in Mr. Lamb &apos;s mind . &quot;";jˌuːnɪvˈɜːsɪti pɹˈɛzɪdənt wˈɪliəm lˌa fˈɔːdʒ sˈɛd hiː dˈɪdən and ɐpˈəʊz tˈiː nˈəʊ ɒv ˌɛni kˈɒnflɪkt bɪtwˌiːn lˈam and ʃmˈɪt bˌʌt and kwˈɒt ˈɒbviəsli ðeəwˌɒz sˈʌmθɪŋ ɪn mˈɪstə lˈam and ɐpˈəʊz ˈɛs mˈaɪnd and kwˈɒt;"Universitäts @-@ Präsident William LaForge sagte er wisse nichts von einem Konflikt zwischen Lamb und Schmidt aber &quot; natürlich gab es etwas in Mr Lambs Vorstellung &quot;";"der Präsident der Universität William LaForge sagte er wüsste nichts von einem Konflikt zwischen Lamb und Schmidt aber &quot; offensichtlich war etwas in Herrn Lambs Gedanken &quot;";dɛɾ pɾˌɛːziːdˈɛnt dɛɾ ˌuːniːvˌɛɾziːtˈɛːt vˈɪliːˌɑːm lˈɑː fˈɔɾɡə zˈɑːɡtə ɛɾ kˈɛnə kˈaɪnən kɔnflˈɪkt tsvˈɪʃən lˈɑːm ʊnt ʃmˈɪt ˌɑːbɜ ˈʊnt kvˈoːt ˈɔfɛnzˌɪçtlɪç ɪst dɑː ˈɛtvɑːs ɪm kˈɔpf fɔn hˈɛɾn lˈɑːm ˈʊnt kvˈoːt;"der Präsident der Universität William LaForge sagte er kenne keinen Konflickt zwischen Lamb und Schmidt aber &quot; offensichtlich ist da etwas im Kopf von Herrn Lamb &quot;"
1;0,596949179;0,045279;those are questions Lamb can no longer answer .;ðəʊz ɑː kwˈɛstʃənz lˈam kan nˌəʊ lˈɒŋɡəɹ ˈansə;das sind Fragen die Lamb nicht mehr beantworten kann;das sind Fragen die Lamb nicht mehr beantworten kann;das zɪnt frˈɑːɡən diː lˈam nˈɪçt mˌeːɾ bəˈantvɔɾtən kˌan;das sind Fragen die Lamb nicht mehr beantworten kann
0,387540775;0,2076047;0,046788;"after fleeing the campus , police later picked up Lamb &apos;s trail when he crossed back into Mississippi from Arkansas .";ˈaftə flˈiːɪŋ ðə kˈampəs pəlˈiːs lˈeɪtə pˈɪkt ˌʌp lˈam and ɐpˈəʊz ˈɛs tɹˈeɪl wɛn hiː kɹˈɒst bˈak ˌɪntʊ mˌɪsɪsˈɪpi fɹɒm ˈɑːkənsˌɔː;nach der Flucht aus dem Campus fand die Polizei später Lambs Spur als er wieder in Mississippi aus Arkansas einfuhr;nach der Flucht aus dem Campus nahm die Polizei später Lambs Weg wieder auf als er von Arkansas nach Mississippi zurückfuhr;nɑːx zˌaɪnɜ flˈʊxt ˌaʊs deːm kˈampʊs nˈɑːm diː pˌoːliːtsˈaɪ ʃpˈɛːtɜ lˈɑːms tɹˈeɪl ˈaʊf als ɛɾ fɔn ˈaɾkanzˌɑːs nɑːx mˌɪsɪsˈɪpiː tsuːrˈykkˌeːɾtə;nach seiner Flucht aus dem Campus nahm die Polizei später Lambs Trail auf als er von Arkansas nach Mississippi zurückkehrte
0,58714301;0,506376886;0,048348;"before he could be apprehended , Lamb killed himself with a single .38 @-@ caliber pistol in the backyard of a home about a mile south of his parents &apos; home on the outskirts of Greenville , Mississippi , said Washington County Coroner Methel Johnson .";bɪfˌɔː hiː kʊd biː ˌapɹɪhˈɛndɪd lˈam kˈɪld hɪmsˈɛlf wɪð ɐ sˈɪŋɡəl dɒtθɹˈiːˈeɪt ˈatat kˈalɪbə pˈɪstəl ɪnðə bˈakjɑːd əvə hˈəʊm ɐbˌaʊt ɐ mˈaɪl sˈaʊθ ɒv hɪz pˈeəɹənts and ɐpˈəʊz hˈəʊm ɒnðɪ ˈaʊtskɜːts ɒv ɡɹˈiːnvɪl mˌɪsɪsˈɪpi sˈɛd wˈɒʃɪŋtən kˈaʊnti kˈɒɹənə mˈɛθəl dʒˈɒnsən;bevor er festgenommen werden konnte tötete Lamb sich selbstmit einer .38 Kaliber Pistole im Hinterhof eines Hauses etwa eine Meile südlich seines Elternhauses am Stadtrand von Greenville Mississippi sagte Washington County Coroner Methel Johnson;bevor er festgenommen werden konnte tötete Lamb sich mit einer einzigen .38 @-@ Kaliber @-@ Pistole im Hinterhof eines Hauses etwa eine Meile südlich des Heims seiner Eltern am Rande von Greenville Mississippi sagte Washington County Coroner Methel Johnson;bəfˈoːɾ ɛɾ ɡəfˈast vˌɛɾdən kˈɔntə tˈøːtətə zɪç lˈam mɪt ˌaɪnɜ ˈaɪntsɪɡən ˈaxt ʊntdɾˈaɪsɪç ˈɛtˈɛt kˈœpfɪɡən pɪstˈoːlə ɪm hˌɪntɜhˈoːf ˌaɪnəs hˈaʊzəs ˌɛtvɑː ˌaɪnə mˈaɪlə zˈyːtlɪç dɛs hˈaʊzəs zˌaɪnɜ ˈɛltɜn am rˈandə fɔn ɡɹˈiːnvɪl mˌɪsɪsˈɪpiː zˈɑːɡtə vˈashɪŋtˌoːn kˈaʊnti kˈoːroːnˌɑː meːtˈɑːl jˈoːnzoːn;bevor er gefasst werden konnte tötete sich Lamb  mit einer einzigen .38 @-@ Kaliber Pistole im Hinterhof eines Hauses etwa eine Meile südlich des Hauses seiner Eltern am Rande von Greenville Mississippi sagte Washington County Coroner Methel Johnson
0,5;1;0,048763;his car was still running in the driveway .;hɪz kˈɑː wɒz stˈɪl ɹˈʌnɪŋ ɪnðə dɹˈaɪvweɪ;sein Auto lief noch in der Einfahrt;sein Auto lief immer noch in der Einfahrt;zaɪn ˈaʊtoː lˈiːf nɔx ɪn dɛɾ ˈaɪnfˌɑːɾt;sein Auto lief noch in der Einfahrt 
0,284816175;0,497644808;0,050052;it was not immediately clear why Lamb went to that home , though Johnson said she believes he knew the people who lived there .;ɪt wɒz nˌɒt ɪmˈiːdɪətli klˈiə wˌaɪ lˈam wɛnt tə ðat hˈəʊm ðˌəʊ dʒˈɒnsən sˈɛd ʃiː bɪlˈiːvz hiː njˈuː ðə pˈiːpəl hˌuː lˈɪvd ðˈeə;es war nicht sofort klar warum Lamm zu diesem Haus ging aber Johnson sagte dass sie glaubt dass er die Leute kannte die dort lebten;es war nicht sofort klar warum Lamb in dieses Haus ging obwohl Johnson sagte er kenne die Menschen die dort lebten;ɛs vɑːɾ nˈɪçt zoːfˈɔɾt klˈɑːɾ vɑːrˈʊm lˈamp ɪn dˌiːzə hˈaɪmɑːt ɡˈɪŋ ɔpvˈoːl jˈoːnzoːn zˈɑːɡtə das ziː ɡlˈaʊpt das ɛɾ diː mˈɛnʃən kˈantə diː dˈɔɾt lˈeːptən;es war nicht sofort klar  warum Lamb in diese Heimat ging obwohl Johnson sagte das sie glaubt dass er die Menschen kannte die dort lebten
0,759835686;0,759835686;0,051720;lamb grew up in the area .;lˈam ɡɹˈuː ˌʌp ɪnðɪ ˈeəɹiə;Lamb wuchs in der Gegend auf;Lamm wuchs in der Gegend auf;lˈam vˈʊxs ɪn dɛɾ ɡˈeːɡənt ˈaʊf;Lamb wuchs in der Gegend auf
0,479345067;0,484432896;0,053444;lamb started working at the university , which has 3,500 students in a city of about 12,000 , in 2009 and taught geography and education classes .;lˈam stˈɑːtɪd wˈɜːkɪŋ at ðə jˌuːnɪvˈɜːsɪti wˌɪtʃ hɐz θɹˈiː θˈaʊzənd fˈaɪvhˈʌndɹɪd stjˈuːdənts ɪn ɐ sˈɪti ɒv ɐbˌaʊt twˈɛlv θˈaʊzənd ɪn tˈuː θˈaʊzənd ən nˈaɪn and tˈɔːt dʒɪˈɒɡɹəfi and ˌɛdʒuːkˈeɪʃən klˈasɪz;Lamb begann 2009 seine Arbeit an der Universität die 3.500 Studenten in einer Stadt mit etwa 12.000 Einwohnern hat und unterrichtete Geographie und Pädagogik;Lamm begann seine Arbeit an der Universität die 3.500 Studenten in einer Stadt von etwa 12.000 im Jahr 2009 und lehrte Geografie und Bildung;lˈamp bəɡˈan zˌaɪnə ˈaɾbaɪt an dɛɾ ˌuːniːvˌɛɾziːtˈɛːt diː dɾˈaɪ tˈaʊzənt fˈynfhˈʊndɜt ʃtuːdˈɛntən ɪn ˌaɪnɜ ʃtˈat fɔn ˌɛtvɑː tsvˈœlf tˈaʊzənt ɪm jˈɑːɾ tsvˈaɪ tˈaʊzənt nˈɔøn hat ʊnt ˌʊntɜrˈɪçtətə ɡˌeːoːɡɾafˈiː ʊnt bˈɪldʊŋ klˈasən;Lamb begann seine Arbeit an der Universität  die 3.500 Studenten in einer Stadt von etwa 12.000  im Jahr 2009 hat und unterrichtete Geografie und Bildung Klassen
0,122193817;0,103033054;0,055226;he received a doctorate in education in the spring .;hiː ɹɪsˈiːvd ɐ dˈɒktəɹˌeɪt ɪn ˌɛdʒuːkˈeɪʃən ɪnðə spɹˈɪŋ;er promovierte im Frühjahr in Pädagogik;im Frühjahr promovierte er in Ausbildung;ɪm frˈyːjɑːɾ pɾoːmoːvˈiːɾtə ɛɾ ɪn dɛɾ ˈaʊsbˌɪldʊŋ;im Frühjahr promovierte er in der Ausbildung
0,149684289;0,44833867;0,052678;"one of Lamb &apos;s longtime friends described him as smart , charismatic and funny .";wˈɒn ɒv lˈam and ɐpˈəʊz ˈɛs lˈɒŋtaɪm fɹˈɛndz dɪskɹˈaɪbd hˌɪm az smˈɑːt kˌaɹɪsmˈatɪk and fˈʌni;einer der langjährigen Freundinnen Lambs bezeichnete ihn als intelligent charismatisch und lustig;einer von Lambs langjährigen Freunden beschrieb ihn als klug charismatisch und lustig;ˌaɪnɜ fɔn lˈams lˈaŋjˌɛːrɪɡən frˈɔøndən bəʃrˈiːp iːn als ˌɪntəlɪɡˈɛnt ʃˌɑrɪsmˈɑːtɪʃ ʊnt lˈʊstɪç;einer von Lambs langjährigen Freunden beschrieb ihn als intelligent charismatisch und lustig
0,331207692;0,510071485;0,054516;Carla Hairston said she was 15 and Lamb was 20 when they met through mutual friends .;kˈɑːlə hˈeəstən sˈɛd ʃiː wɒz fˈɪftiːn and lˈam wɒz twˈɛnti wɛn ðeɪ mˈɛt θɹuː mjˈuːtʃuːəl fɹˈɛndz;Carla Hairston sagte sie war 15 und Lamm war 20 als sie sich durch gemeinsame Freunde trafen;Carla Hairston sagte sie sei 15 und Lamb 20 wenn sie durch gemeinsame Freunde trafen;kˈaɾlɑː hˈaɪɾstoːn zˈɑːɡtə ziː zˈaɪ fˈynftseːn ʊnt lˈam vɑːɾ tsvˈantsɪç als ziː zɪç d??ç ɡeːɡənzˈaɪtɪɡə frˈɔøndə;Carla Hairston sagte sie sei 15 und Lamb war 20 als sie d??ch gegenseitige Freunde 
0,473207248;0,517634669;0,056472;she and her friends were in high school , and he was the cool older guy who tried for several years to teach her to play guitar .;ʃiː and hɜː fɹˈɛndz wɜːɹ ɪn hˈaɪ skˈuːl and hiː wʌzðə kˈuːl ˈəʊldə ɡˈaɪ hˌuː tɹˈaɪd fɔː sˈɛvɹəl jˈiəz tə tˈiːtʃ hɜː tə plˈeɪ ɡɪtˈɑː;Sie und ihre Freunde waren in der High School und er war der coole ältere Kerl der einige Jahre versuchte ihr das Gitarrenspiel beizubringen;Sie und ihre Freunde waren in der High School und er war der kühle ältere Mann der für mehrere Jahre versucht sie zu lehren Gitarre zu spielen;ziː ʊnt ˌiːrə frˈɔøndə vɑːrən ɪn dɛɾ hˈaɪ ʃˈoːl ʊnt ɛɾ vɑːɾ dɛɾ kˈoːlə ˈɛltərə kˈɛɾl dɛɾ fɛɾzˈuːxtə fyːɾ mˈeːrərə jˈɑːrə ziː tsuː lˈeːrən ɡiːtˈarə tsuː ʃpˈiːlən;Sie und ihre Freunde waren in der High School und er war der kühle ältere Kerl der versuchte für mehrere Jahre  sie zu lehren Gitarre zu spielen
0,233766414;0,668740305;0,058955;he was quite the heartthrob back then .;hiː wɒz kwˈaɪt ðə hˈɑːtθɹɒb bˈak ðˈɛn;er war damals der Frauenschwarm;er war damals ganz im Herzen;ɛɾ vɑːɾ dˈɑmɑːls dɛɾ hˈɛɾtsʃlɑːk;er war damals der Herzschlag
0,404356061;0,563012779;0,057231;"all the girls would melt when he was around , &quot; said Hairston , now 40 and living in the Jackson suburb of Brandon .";ˈɔːl ðə ɡˈɜːlz wʊd mˈɛlt wɛn hiː wɒz ɐɹˈaʊnd and kwˈɒt sˈɛd hˈeəstən nˈaʊ fˈɔːti and lˈɪvɪŋ ɪnðə dʒˈaksən sˈʌbɜːb ɒv bɹˈandən;"alle Mädchen schmolzen dahin wenn er da war &quot; sagte Hairston jetzt 40 und in der Jackson Vorstadt von Brandon wohnhaft";"alle Mädchen würden schmelzen wenn er um war &quot; sagte Hairston jetzt 40 und leben in der Jackson @-@ Vorstadt Brandon";ˈalə mˈɛːdçən vˈyɾdən ʃmˈɛltsən vˌɛn ɛɾ dˈɑː vɑːɾ ˈʊnt kvˈoːt zˈɑːɡtə hˈaɪɾstoːn jˌɛtst fˈɪɾtsɪç ʊnt lˈeːbən ɪn dɛɾ jˈakzoːn ˈɛtˈɛt fˈoːɾʃtˌat fɔn bɾˈandən;"alle Mädchen würden schmelzen wenn er da war &quot; sagte Hairston jetzt 40 und leben in der Jackson @-@ Vorstadt von Brandon"
0,155272899;0,138267078;0,055290;lamb and Prentiss had apparently been dating for some time .;lˈam and pɹˈɛntɪs had ɐpˈaɹəntli bˌiːn dˈeɪtɪŋ fɔː sˌʌm tˈaɪm;Lamb und Prentiss waren offensichtlich einige Zeit zusammen;Lamm und Prentiss waren offenbar seit einiger Zeit aus;lˈam ʊnt pɾˈɛntɪs vɑːrən ˈɔfənbˌɑːɾ ʃˌoːn zaɪt ˈaɪnɪɡɜ tsˈaɪt dˈɑː;Lamb und Prentiss waren offenbar schon seit einiger Zeit da
0,579508626;0,212798828;0,055486;"in the 911 call , Lamb said &quot; I killed my wife , &quot; but there was no record of them ever marrying .";ɪnðə nˈaɪnhˈʌndɹɪdən ɪlˈɛvən kˈɔːl lˈam sˈɛd and kwˈɒt aɪ kˈɪld maɪ wˈaɪf and kwˈɒt bˌʌt ðeəwˌɒz nˈəʊ ɹˈɛkɔːd ɒv ðˌɛm ˈɛvə mˈaɹiɪŋ;"in dem Notruf sagte Lamb &quot; Ich habe meine Frau getötet &quot; aber es gab keine Urkunde von einer Heirat";"in der 911 Aufruf sagte Lamb &quot; Ich habe meine Frau getötet &quot; aber es gab keine Aufzeichnung von ihnen jemals heiraten";ɪn dɛɾ nˈɔønhˈʊndɜt ˈɛlf ˈaʊfrˌuːf lˈamp zˈɑːɡtə ˈʊnt kvˈoːt ɪç tˈøːtətə mˌaɪnə frˈaʊ ˈʊnt kvˈoːt ˌɑːbɜ ɛs ɡˈɑːp kˈaɪnə ˈaʊftsˌaɪçnʊŋ fɔn ˌiːnən jˈeːmɑːls haɪrˈɑːtən;"in der 911 Aufruf Lamb sagte &quot; ich habe tötete meine Frau &quot; aber es gab keine Aufzeichnung von ihnen jemals heiraten"
0,421203971;0,249480505;0,054880;they had a dog named Lightning that lived with them at the brick house that backs up to a bayou in Gautier .;ðeɪ had ɐ dˈɒɡ nˈeɪmd lˈaɪtnɪŋ ðat lˈɪvd wɪð ðˌɛm at ðə bɹˈɪk hˈaʊs ðat bˈaks ˌʌp tʊ ɐ bˈaɪuː ɪn ɡˈɔːtiə;Sie hatten einen Hund namens Lightning der mit ihnen in dem Backstein @-@ Haus lebte das an einen Bayou in Gautier angrenzt;Sie hatten einen Hund namens Lightning der mit ihnen am Backsteinhaus lebte das bis zu einem Köder in Gautier sichert;ziː hˌatən ˌaɪnən hˈʊnt nˈɑməns blˈɪtsə dɛɾ mɪt ˌiːnən lˈeːptə am bˈakstaɪnhˌaʊs das bɪs tsuː ˌaɪnəm bˈiːuː ɪn ɡaʊtˈiːɾ bˈakən;Sie hatten einen Hund namens Blitz der mit ihnen lebte am Backsteinhaus das bis zu einem Beau in Gautier bacon.
0,221391041;0,088137249;0,056355;police said the dog was OK .;pəlˈiːs sˈɛd ðə dˈɒɡ wɒz ˌəʊkˈeɪ;die Polizei sagte dass der Hund in Ordnung war;die Polizei sagte der Hund war in Ordnung;pˌoːliːtsˈaɪ zˈɑːɡtə dɛɾ hˈʊnt vɑːɾ oːkˈeː;Polizei sagte der Hund war OK
0,260487093;0,237015257;0,062585;"Prentiss &apos; ex @-@ husband , Shawn O &apos;Steen , said they divorced 15 years ago but remained friends and had a daughter who &apos;s now 19 .";pɹˈɛntɪs and ɐpˈəʊz ˈɛks ˈatat hˈʌsbənd ʃˈɔːn ˈəʊ and ɐpˈəʊz stˈiːn sˈɛd ðeɪ dɪvˈɔːst fˈɪftiːn jˈiəz ɐɡˈəʊ bˌʌt ɹɪmˈeɪnd fɹˈɛndz and had ɐ dˈɔːtə hˌuː and ɐpˈəʊz ˈɛs nˈaʊ nˈaɪntiːn;"der Ex @-@ Ehemann von Prentiss Shawn O &apos; Steen sagte sie seien vor 15 Jahren geschieden wurden aber Freunde geblieben waren und eine Tochter hatten die jetzt 19 Jahre alt war";"Prentiss &apos; Ex @-@ Mann Shawn O &apos; Steen sagte sie geschieden vor 15 Jahren aber blieb Freunde und hatte eine Tochter die jetzt 19 ist";pɾˈɛntiːkə ˈʊnt ˈɑpoːs ˈɛks ˈɛtˈɛt mˈan zeːˈɑːn ˈoː ˈʊnt ˈɑpoːs ʃtˈeːən zˈɑːɡtə ziː ʃˈaɪdən fˌɔɾ fˈynftseːn jˈɑːrən ˌɑːbɜ blˈiːp frˈɔøndə ʊnt hˌatə ˌaɪnə tˈɔxtɜ diː jˌɛtst nˈɔøntseːn ɪst;"Prentiss &apos; Ex @-@ Mann  Shawn O &apos; Steen sagte sie scheiden für 15 Jahren aber blieb Freunde und hatte eine Tochter die jetzt 19 ist"
0,088577269;0,183498183;0,063236;"&quot; she was completely devastated , &quot; O &apos;Steen said of his daughter .";and kwˈɒt ʃiː wɒz kəmplˈiːtli dˈɛvɪstˌeɪtɪd and kwˈɒt ˈəʊ and ɐpˈəʊz stˈiːn sˈɛd ɒv hɪz dˈɔːtə;"&quot; Sie war total am Boden zerstört &quot; sagte O &apos; Steen über seine Tochter";"O &apos; Steen sagt von seiner Tochter dass sie völlig verwüstet sei";ˈʊnt kvˈoːt ziː vɑːɾ fˈœlɪç fɛɾvˈystət ˈʊnt kvˈoːt zˈɑːɡtə ˈoː ˈʊnt ˈɑpoːs ʃtˈeːən fɔn zˌaɪnɜ tˈɔxtɜ;"&apos; Si war völlig verwüstet &amp; sagte O &apos;  Steen  von seiner Tochter"
1;1;0,068588;she and her mother were absolutely best friends .;ʃiː and hɜː mˈʌðə wɜːɹ ˌabsəlˈuːtli bˈɛst fɹˈɛndz;Sie und ihre Mutter waren absolut beste Freunde;Sie und ihre Mutter waren absolut beste Freunde;ziː ʊnt ˌiːrə mˈʊtɜ vɑːrən apzoːlˈuːt bˈɛstə frˈɔøndə;Sie und ihre Mutter waren absolut beste Freunde
0,597554534;0,431266458;0,070856;"O &apos;Steen said he had not met Lamb but heard through his daughter Abigail that Lamb was interested in music and played the blues .";ˈəʊ and ɐpˈəʊz stˈiːn sˈɛd hiː had nˌɒt mˈɛt lˈam bˌʌt hˈɜːd θɹuː hɪz dˈɔːtəɹ ˈabɪɡˌeɪl ðat lˈam wɒz ˈɪntɹɛstɪd ɪn mjˈuːzɪk and plˈeɪd ðə blˈuːz;"O &apos; Steen sagte er habe Lamb nie getroffen aber durch seine Tochter Abigail habe er gehört dass Lamb an Musik interessiert war und Blues spielte";"O &apos; Steen sagte er habe Lamb nicht getroffen aber durch seine Tochter Abigail gehört dass Lamb an der Musik interessiert war und spielte den Blues";ˈoː ˈʊnt ˈɑpoːs ʃtˈeːən zˈɑːɡtə ɛɾ hɑːbə nˈɪçt lˈam ɡətɾˈɔfən zˈɔndɜn d??ç zˌaɪnə tˈɔxtɜ ˈapɪɡˌaɪl ɡəhˈœɾt das lˈam an muːzˈiːk ˌɪntərɛsˈiːɾt ʊnt ʃpˈiːltə deːn blˈuːz;"O &apos; Steen sagte er habe nicht Lamb getroffen sondern d??ch seine Tochter Abigail gehört dass Lamb an Musik interessiert und spielte den Blues"
0,505485332;0,387570517;0,078094;lamb met Prentiss when he and Abigail both performed at a summer fair three years ago .;lˈam mˈɛt pɹˈɛntɪs wɛn hiː and ˈabɪɡˌeɪl bˈəʊθ pəfˈɔːmd atə sˈʌmə fˈeə θɹˈiː jˈiəz ɐɡˈəʊ;Lamb traf Prentiss als er und Abigail vor drei Jahren beide auf einem Sommer @-@ Jahrmarkt auftraten;Lamm traf Prentiss als er und Abigail vor drei Jahren auf einer Sommermesse auftraten;lˈamp tɾˈɑːf pɾˈɛntiːkə als ɛɾ ʊnt ˈapɪɡˌaɪl bˈaɪdə fˌɔɾ dɾˈaɪ jˈɑːrən aʊf ˌaɪnɜ zˈɔmɜmˌɛsə ˈaʊftɾˌɑːtən;Lamb traf Prentiss als er und Abigail beide vor drei Jahren auf einer Sommermesse auftraten
0,308957578;0,326682864;0,078208;later , they played together in the occasional gig .;lˈeɪtə ðeɪ plˈeɪd təɡˌɛðəɹ ɪnðɪ əkˈeɪʒənəl ɡˈɪɡ;später spielten sie zusammen den einen oder anderen Gig;später spielten sie zusammen im gelegentlichen Konzert;ʃpˈɛːtɜ ʃpˈiːltən ziː tsuːzˈamən ɪm ɡəlˈeːɡəntlɪçən ɡˈiːk;später spielten sie zusammen im gelegentlichen Gig
0,34835895;0,327764509;AVG. BLEU Values;;;;;;
